insert into authors (id, first_name, last_name) values (1, 'Kylen', 'Powers');
insert into authors (id, first_name, last_name) values (2, 'Sauncho', 'Mowling');
insert into authors (id, first_name, last_name) values (3, 'Helyn', 'Pauletti');
insert into authors (id, first_name, last_name) values (4, 'Laverne', 'Bartolommeo');
insert into authors (id, first_name, last_name) values (5, 'Larine', 'Crix');
insert into authors (id, first_name, last_name) values (6, 'Jerrome', 'Ram');
insert into authors (id, first_name, last_name) values (7, 'Maxi', 'Newcombe');
insert into authors (id, first_name, last_name) values (8, 'Jerrilyn', 'Payne');
insert into authors (id, first_name, last_name) values (9, 'Saundra', 'Pestell');
insert into authors (id, first_name, last_name) values (10, 'Marja', 'Skeete');
insert into authors (id, first_name, last_name) values (11, 'Jehu', 'Sterre');
insert into authors (id, first_name, last_name) values (12, 'Caterina', 'Somerscales');
insert into authors (id, first_name, last_name) values (13, 'Fitzgerald', 'Dudley');
insert into authors (id, first_name, last_name) values (14, 'Arri', 'Tricker');
insert into authors (id, first_name, last_name) values (15, 'Boyd', 'Stot');
insert into authors (id, first_name, last_name) values (16, 'Eva', 'Wyre');
insert into authors (id, first_name, last_name) values (17, 'Gabie', 'Cornewall');
insert into authors (id, first_name, last_name) values (18, 'Robinson', 'Showl');
insert into authors (id, first_name, last_name) values (19, 'Devland', 'Wisdom');
insert into authors (id, first_name, last_name) values (20, 'Karla', 'Watkins');
insert into authors (id, first_name, last_name) values (21, 'Linn', 'Khomich');

insert into books (id, price, price_old, title, author_id) values (1, 4470, 959, 'Hatity', 21);
insert into books (id, price, price_old, title, author_id) values (2, 4623, 381, 'Y-Solowarm', 10);
insert into books (id, price, price_old, title, author_id) values (3, 5190, 368, 'Voyatouch', 10);
insert into books (id, price, price_old, title, author_id) values (4, 2621, 826, 'Fintone', 14);
insert into books (id, price, price_old, title, author_id) values (5, 5082, 185, 'Quo Lux', 5);
insert into books (id, price, price_old, title, author_id) values (6, 577, 480, 'Konklab', 17);
insert into books (id, price, price_old, title, author_id) values (7, 6629, 837, 'Greenlam', 20);
insert into books (id, price, price_old, title, author_id) values (8, 4148, 412, 'Bigtax', 1);
insert into books (id, price, price_old, title, author_id) values (9, 2714, 601, 'Solarbreeze', 9);
insert into books (id, price, price_old, title, author_id) values (10, 7113, 333, 'Sonair', 15);
insert into books (id, price, price_old, title, author_id) values (11, 8605, 763, 'Prodder', 4);
insert into books (id, price, price_old, title, author_id) values (12, 1272, 679, 'Bigtax', 11);
insert into books (id, price, price_old, title, author_id) values (13, 7874, 562, 'Voyatouch', 17);
insert into books (id, price, price_old, title, author_id) values (14, 2392, 114, 'Aerified', 1);
insert into books (id, price, price_old, title, author_id) values (15, 949, 996, 'Prodder', 4);
insert into books (id, price, price_old, title, author_id) values (16, 8922, 427, 'Trippledex', 5);
insert into books (id, price, price_old, title, author_id) values (17, 2205, 492, 'Zaam-Dox', 16);
insert into books (id, price, price_old, title, author_id) values (18, 6173, 834, 'Rank', 13);
insert into books (id, price, price_old, title, author_id) values (19, 8684, 681, 'Prodder', 20);
insert into books (id, price, price_old, title, author_id) values (20, 7292, 227, 'Konklux', 6);
insert into books (id, price, price_old, title, author_id) values (21, 1620, 127, 'Otcom', 14);


insert into genres (id, parent_id, slug, name_en_locale, name_ru_locale) values (1, null, 'business', 'Business literature', 'Деловая литература');
insert into genres (id, parent_id, slug, name_en_locale, name_ru_locale) values (2, null, 'fiction', 'Fiction', 'Художественная литература');
insert into genres (id, parent_id, slug, name_en_locale, name_ru_locale) values (3, 2, 'comedy', 'Comedy', 'Комедия');
insert into genres (id, parent_id, slug, name_en_locale, name_ru_locale) values (4, 2, 'detective', 'Detective', 'Детектив');
insert into genres (id, parent_id, slug, name_en_locale, name_ru_locale) values (5, 2, 'drama', 'Drama', 'Драма');
insert into genres (id, parent_id, slug, name_en_locale, name_ru_locale) values (6, 12, 'horror', 'Horror', 'Ужасы');
insert into genres (id, parent_id, slug, name_en_locale, name_ru_locale) values (7, 2, 'history', 'History', 'Историческая');
insert into genres (id, parent_id, slug, name_en_locale, name_ru_locale) values (8, 2, 'scifi', 'Sci-fi', 'Научная фантастика');
insert into genres (id, parent_id, slug, name_en_locale, name_ru_locale) values (9, 2, 'romance', 'Romance', 'Роман');
insert into genres (id, parent_id, slug, name_en_locale, name_ru_locale) values (10, 12, 'thriller', 'Thriller', 'Триллер');
insert into genres (id, parent_id, slug, name_en_locale, name_ru_locale) values (11, 1, 'computer', 'Computer science', 'Компьютерные технологии');
insert into genres (id, parent_id, slug, name_en_locale, name_ru_locale) values (12, 2, 'adult', 'Adult books', 'Книги для взрослых');

insert  into book2genre (book_id, genre_id) values (1, 10);
insert  into book2genre (book_id, genre_id) values (1, 8);
insert  into book2genre (book_id, genre_id) values (2, 11);
insert  into book2genre (book_id, genre_id) values (3, 9);
insert  into book2genre (book_id, genre_id) values (4, 5);
insert  into book2genre (book_id, genre_id) values (4, 7);
insert  into book2genre (book_id, genre_id) values (4, 4);
insert  into book2genre (book_id, genre_id) values (5, 3);
insert  into book2genre (book_id, genre_id) values (6, 10);
insert  into book2genre (book_id, genre_id) values (7, 3);
insert  into book2genre (book_id, genre_id) values (8, 3);
insert  into book2genre (book_id, genre_id) values (8, 4);
insert  into book2genre (book_id, genre_id) values (9, 11);
insert  into book2genre (book_id, genre_id) values (10, 3);
insert  into book2genre (book_id, genre_id) values (11, 9);
insert  into book2genre (book_id, genre_id) values (12, 9);
insert  into book2genre (book_id, genre_id) values (13, 9);
insert  into book2genre (book_id, genre_id) values (14, 4);
insert  into book2genre (book_id, genre_id) values (14, 8);
insert  into book2genre (book_id, genre_id) values (15, 6);
insert  into book2genre (book_id, genre_id) values (16, 4);
insert  into book2genre (book_id, genre_id) values (17, 9);
insert  into book2genre (book_id, genre_id) values (18, 7);
insert  into book2genre (book_id, genre_id) values (19, 5);
insert  into book2genre (book_id, genre_id) values (20, 7);
insert  into book2genre (book_id, genre_id) values (21, 6);
